<?xml version="1.0" encoding="UTF-8"?>

<templates>
    <t t-extend="website.theme_customize_modal_option">
        <t t-jquery=".o_theme_customize_color_previews" t-operation="attributes">
        <attribute name="t-if">colorPalette &amp;&amp; id!='cust_color_palate'</attribute>    
        </t>
        <t t-jquery=".o_theme_customize_color_previews" t-operation="after">
            <div t-if="colorPalette" class="o_theme_customize_color_previews custom_picker" t-att-data-depends="id">
                <div>
                    <h6>Theme Color</h6>
                    <t t-foreach="{'crafito_primary': _t('Theme'),'crafito_secondary': _t('Secondary Theme')}" t-as="color">
                        <t t-call="website.theme_customize_color_palette_button">
                          <t t-set="color_type" t-value="'theme'"/> 
                        </t>                        
                    </t>
                </div>
            </div>
        </t>
    </t>
</templates>